project_name,country_region,sector,grant_amount,implementing_entity,executing_entity,approval_date,duration,status,transferred_amount,start_date,expected_completion_date,locations,revised_completion_date,completion_date,project_id,grant_amount_clean,duration_clean
"Transforming Communities: A Nexus of Climate-Smart Agriculture, Livelihood Diversification, and Women’s Economic Empowerment",Ethiopia/Africa,Multi-sector,"USD 9,999,328",Ministry of Finance and Economic Cooperation of the Federal Democratic Republic of Ethiopia,"Ministry of Water and Energy,Ministry of Agriculture",10/10/2025,3 years,Proposal Approved,,,,,,,,9999328,3.0
Sustainable Pasture Management and Adaptation with Resilient Technologies for Herders in Mongolia (SMART-Herders),Mongolia/Asia-Pacific,Agriculture,"USD 2,038,883",International Fund Agricultural Dev,Office of the President (Government of Mongolia) United Nations Industrial Development Organization (UNIDO),04/11/2025,4 years,Proposal Approved,"USD 852,494",,,,,,,2038883,4.0
Improving adaptive capacity of vulnerable and food-insecure populations in Lesotho Phase II (IACoV-2),Lesotho/Africa,Food Security,"USD 10,000,000",UN World Food Programme,"Ministry of Environment and Forestry,Ministry of Agriculture, Food Security and Nutrition",04/11/2025,5 years,Proposal Approved,"USD 2,928,280",,,,,,,10000000,5.0
Building Climate Resilient Cities and Communities in the Republic of Azerbaijan,Azerbaijan/Eastern Europe,Multi-sector,"USD 10,000,000",UN-Habitat,United Nations Human Settlements Programme (UN-Habitat); United Nations Environment Programme (UNEP); and International Organization for Migration (IOM),10/11/2024,4 years,Proposal Approved,"USD 2,747,627",,,,,,,10000000,4.0
Green and Resilient Ecosystems for Somali Livelihoods (Hal-abuur),Somalia/Africa,Multi-sector,"USD 10,000,000",International Fund Agricultural Dev,Sadar Development and Resilience Institute,04/11/2025,6 years,Proposal Approved,"USD 967,702",,,,,,,10000000,6.0
Climate Change Resilience and Ecosystem Connectivity (CC-REC),Lebanon/Asia-Pacific,Multi-sector,"USD 4,300,000",International Fund Agricultural Dev,Al-Shouf Cedar Society (ACS),04/11/2025,4 years,Proposal Approved,,,,,,,,4300000,4.0
Strengthening the Adaptive Capacity of Coastal Communities of Cuba and Panama to Climate Change through the Binational Exchange of Best Practices for Climate Management and Local Food Security,Regional/Other,Food Security,"USD 14,000,000",International Fund Agricultural Dev,"Regional: United Nations Food and Agriculture Organization (FAO),Cuba: Environment Agency of the Ministry of Science, Technology and Environment – CITMA (AMA),Panama: Ministry of Environment (MiAmbiente)",04/11/2025,5 years,Proposal Approved,"USD 3,676,968",,,,,,,14000000,5.0
Resilient Food Systems through Climate Services for Agriculture in Uzbekistan,Uzbekistan/Asia-Pacific,Agriculture,"USD 10,000,000",International Fund Agricultural Dev,"Ministry of Ecology, Environmental Protection and Climate Change of the Republic of Uzbekistan",04/11/2025,5 years,Proposal Approved,"USD 2,157,700",,,,,,,10000000,5.0
Increasing Climate Change Resilience in the Agricultural sector of Bosnia and Herzegovina – Staza,Bosnia and Herzegovina/Eastern Europe,Agriculture,"USD 10,000,000",International Fund Agricultural Dev,"Ministry of Agriculture, Water Management and Forestry (MAWMF) in the Federation of Bosnia and Herzegovina ,Ministry of Agriculture Forestry and Water Management (MAFWM) of the Republika Srpska",04/11/2025,5 years,Proposal Approved,"USD 1,554,131",,,,,,,10000000,5.0
Enhancing Resilience of Communities to Climate Change in Shirak Marz Leveraging Best Practices of the Pilot Project Implemented in Artik Community,Armenia/Eastern Europe,Multi-sector,"USD 4,472,630",Environmental Project Implementation Unit,Environmental Project Implementation Unit State Agency,10/10/2025,4 years,Proposal Approved,,,,,,,,4472630,4.0
Enhancing the Land-based Adaptation of Communities Adjacent to Arid Zones and Forest Protected areas of Armenia by Duplicating and Expanding the Successful Mechanisms of the Previous Projects,Armenia/Eastern Europe,Forests,"USD 4,097,546",Environmental Project Implementation Unit,"Environmental Project Implementation Unit State Agency,""Dilijan National Park” SNCO,""Khosrov Forest State Reserve"" SNCO",10/10/2025,4 years,Proposal Approved,,,,,,,,4097546,4.0
Increasing socio-ecological resilience in the Uruguayan coastal zone and strengthening the adaptive capacity of its infrastructure: REACC COSTAS,Uruguay/Latin America & Caribbean,Coastal management,"USD 10,000,000",Development Bank of Latin America,"CND, Corporación Nacional para el Desarrollo.",04/19/2024,4 years,Proposal Approved,"USD 4,611,830",,,,,,,10000000,4.0
Constructing Resilience Together to Face Climate Change and Variability in Western Honduras,Honduras/Latin America & Caribbean,Multi-sector,"USD 4,000,000",Comisión Acción Social Menonita (CASM) of Honduras,"CIAT – International Center for Tropical Agriculture, Oficina de Coordinación de Proyectos (OCPSERNA)",04/10/2025,4 years,Proposal Approved,"USD 1,200,000",,,,,,,4000000,4.0
Sustainable Actions for Ecosystems Restoration in Pakistan (SAFER Pakistan),Pakistan/Asia-Pacific,Multi-sector,"USD 10,000,000",International Center for Integrated Mountain Development,"United Nations Children’s Fund (UNICEF) Pakistan,ICIMOD,United Nations Entity for Gender Equality & the Empowerment of Women (UN Women) Pakistan",10/11/2024,3 years,Proposal Approved,"USD 2,581,990",,,,,,,10000000,3.0
"Green, Resilient, and Adaptive CHT Economy (GRACE)-LoCALplus",Bangladesh/Asia-Pacific,Multi-sector,"USD 10,000,000",International Center for Integrated Mountain Development,"Ministry of Environment, Forests and Climate Change of Bangladesh (MoEFCC),Ministry of Local Government, Rural Development and Cooperatives of Bangladesh,Ministry of Chattogram Hill Tracts Affairs (MoCHTA) ,The Hill Tracts Development Board,The Hill District Councils,United Nations Capital Development Fund (UNCDF),Government Technical Departments/Local NGOs (TBD),ICIMOD",04/11/2025,4 years,Proposal Approved,"USD 1,500,000",,,,,,,10000000,4.0
"Implementing Protection Technologies to Foster the Resilience of Aquaculture in the Regions of Huanuco, Junin, and Puno to Strengthen Food Security in the Context of Extreme Events Associated with Climate Change",Peru/Latin America & Caribbean,Food Security,"USD 5,361,666",Development Bank of Latin America,"Ministry of Production of Peru (PRODUCE) (Technical Executing Entity),Instituto Interamericano de Cooperación para la Agricultura (IICA) (Administrative Executing Entity)",10/13/2023,4 years,Proposal Approved,,,,,,,,5361666,4.0
Increasing Climate Resilience Through Small-Scale Infrastructure Investments and Enhancing Adaptive Capacity of Vulnerable Communities in Kampot and Koh Kong Provinces in Cambodia,Cambodia/Asia-Pacific,Multi-sector,"USD 10,000,000",UN-Habitat,"National level Ministry of Environment National Council for Sustainable Development,Local level Provincial Department of Environment, Kampot and Koh Kong Kampot and Koh Kong Provincial Administrations,Community level Selected NGO(s) Community Based Organisations and citizen/women groups in target communities",04/19/2024,4 years,Project Under Implementation,"USD 928,177",09/26/2024,09/26/2028,,,,,10000000,4.0
Enhancing the Resilience of Vulnerable Small Island Communities to Climate Change Hazards (ENRICH),Grenada/Latin America & Caribbean,Agriculture,"USD 10,000,000",International Fund Agricultural Dev,"Ministry of Economic Development, Planning, Tourism, ICT, Creative Economy, Culture, Agriculture, and Lands, Forestry, Marine Resources and Fisheries and & Cooperatives of Grenada",10/10/2025,5 years,Proposal Approved,,,,,,,,10000000,5.0
Resilient Coastal Fisheries and Aquaculture in Nauru,Nauru/Asia-Pacific,Food Security,"USD 7,999,493",The Pacific Community,"Government of Nauru,Pacific Community (SPC)",03/24/2023,6 years,Proposal Approved,"USD 837,939",,,,,,,7999493,6.0
Strengthening the Adaptive Capacity of Coastal Communities of Fiji to Climate Change through Nature-Based Seawalls,Fiji/Asia-Pacific,Coastal management,"USD 5,707,100",The Pacific Community,Ministry of Agriculture and Waterways (MoAW),04/19/2024,5.5 years,Proposal Approved,"USD 330,150",,,,,,,5707100,5.5
Dairy Modernization and Market Access: Adaptive and Climate-Resilient Pasture Management (DiMMAdapt+),Georgia/Eastern Europe,Multi-sector,"USD 9,846,766",International Fund Agricultural Dev,Ministry of Environmental Protection and Agriculture (MEPA),04/19/2024,4 years,Proposal Approved,"USD 850,666",,,,,,,9846766,4.0
REsilience to NEgative impacts of climate-aggravated Water scarcity in the Agriculture sector in Libya (RENEWAL),Libyan Arab Jamahiriya/Africa,Agriculture,"USD 9,995,758",International Fund Agricultural Dev,UNOPS,10/13/2023,5 years,Project Under Implementation,"USD 1,109,505",04/28/2025,,,,,,9995758,5.0
Ger Community Resilience Project (GCRP),Mongolia/Asia-Pacific,Disaster Risk Reduction,"USD 7,965,882",UN-Habitat,"World Vision Mongolia,The Asia Foundation (tbc)",03/24/2023,4 years,Project Under Implementation,"USD 5,784,044",08/17/2023,08/17/2027,,,,,7965882,4.0
Building Climate Resilient District in Indonesia: Case of Sigi District,Indonesia/Asia-Pacific,Rural development,"USD 998,868",Partnership for Governance Reform (Kemitraan) of Indonesia,"Konsorsium Lingkungan Adaptif, Berketahanan, Inovatif, dan Partisipatif (KOLABORASI),Koaksi Indonesia,Lingkar Temu Kabupaten Lestari (LTKL),Alliance for Water Stewardship Indonesia in partnership with the District of Sigi, Central Sulawesi,Earth Innovation Institute (EII)",10/10/2025,2.5 years,Proposal Approved,,,,,,,,998868,2.5
Sustainable Landscape Governance; Towards Climate Resilience of Community in Tempe Lake Ecosystem,Indonesia/Asia-Pacific,Rural development,"USD 993,081",Partnership for Governance Reform (Kemitraan) of Indonesia,"Yayasan AKU Rimba Indonesia,Tim Layanan Kehutanan Masyarakat (TLKM),Yayasan Romang Celebes Indonesia,Indonesian Greenbelt Initiative (IGI),Yayasan Balla Konservasi Wallacea,Medialingkungan",10/10/2025,2 years,Proposal Approved,,,,,,,,993081,2.0
Adaptation to Climate Change and Resilience in the Montenegrin Mountain Areas-Gora,Montenegro/Eastern Europe,Multi-sector,"USD 10,000,000",International Fund Agricultural Dev,"Ministry of Agriculture, Forestry and Water Management",07/05/2023,6 years,Project Under Implementation,"USD 1,942,373",09/03/2024,09/03/2030,,,,,10000000,6.0
"Use of Nature-based Solutions to Increase Resilience to Extreme Climate Events in the Atlantic Region of Central America (Belize, Guatemala, Honduras)",Regional/Latin America & Caribbean,,"USD 13,248,121",Central American Bank for Economic Integration,"World Resources Institute (WRI) ,Tropical Agricultural Center for Research and Higher Education (CATIE)",07/28/2022,5.5 years,Project Under Implementation,"USD 3,160,000",11/15/2023,05/15/2029,,,,,13248121,5.5
Strengthen the Resilience of Smallholder Farmers to the Effects of Climate Change through the Adoption of Proven Innovative Technologies and Practices,Côte d'Ivoire/Africa,Agriculture,"USD 4,000,000",The Interprofessional Fund for Agricultural Research,Agence Nationale d’Appui au Développement Rural (ANADER),03/24/2023,3.5 years,Project Under Implementation,"USD 1,516,621",10/19/2023,04/19/2027,,,,,4000000,3.5
Increasing the Adaptation Capacity and Resilience of Rural Communities to Climate Change in the Central African Republic,Central African Republic/Africa,Agriculture,"USD 10,000,000",International Fund Agricultural Dev,"Ministry of Agriculture and Rural Development,Ministry of Environment and Sustainable Development",10/13/2023,6 years,Proposal Approved,"USD 1,002,954",,,,,,,10000000,6.0
Increasing the Resilience of Vulnerable Populations in Costa Rica by Scaling up Adapta2+,Costa Rica/Latin America & Caribbean,Food Security,"USD 10,000,000",Fundecooperacion Para el Desarollo Sostenible,",,Ministry of Agriculture, Instituto Nacional de Innovación y Transferencia en Tecnología Agropecuaria (INTA), Instituto Meteorológico Nacional, Universidad de Costa Rica, Instituto Tecnológico de Costa Rica, Universidad Técnica Nacional, CONARE, ALIARSE, Alianza Empresarial para el Desarrollo, Oficina Nacional de Semillas, Cámara Nacional de Productores de Leche, CORFOGA, Cooperativa de Productores de Puriscal, Centro Agrícola Cantonal, ACEPESA, FUCOGA, Raising Corals, Colegio Federado de Ingenieros y Arquitectos, Fundación Corcovado, Asociación Costarricense de Ciencias del Suelo",07/28/2022,6 years,Project Under Implementation,"USD 700,000",09/20/2023,09/20/2029,,,,,10000000,6.0
"Enhancing Community Adaptation to Climate Change through Climate Resilient Flood Early Warning, Catchment Management and Wash Technologies in Mpologoma Catchment, Uganda",Uganda/Africa,Water management,"USD 9,504,600",Ministry of Water and Environment of Uganda,Water Aid Uganda,10/14/2022,4.5 years,Project Under Implementation,"USD 1,931,900",07/24/2024,01/24/2029,,,,,9504600,4.5
Strengthening Resilience and Food Security of the Vulnerable Communes of Boukombe and Bopa Against Increased Impact of Climate Change,Benin/Africa,Food Security,"USD 3,053,744",National Environment Fund Benin,Caritas Bénin,10/11/2024,4 years,Project Under Implementation,"USD 1,144,405",04/24/2025,04/24/2029,,,,,3053744,4.0
Building Resilience to Climate Change of the Neighbouring Populations of the Classified Forests of Bassila and Penessoulou in the Central Region of Benin,Benin/Africa,Rural development,"USD 2,934,545",National Environment Fund Benin,National Timber Company SONAB (ex-ONAB); Bassila Town Hall; Communal Unit of the Territorial Agency for Agricultural Development,04/19/2024,4 years,Project Under Implementation,"USD 1,095,193",12/16/2024,12/16/2028,,,,,2934545,4.0
Adaptation of Small-Scale Agriculture for Improved Food Security of Resilient Communities in Papua New Guinea (ASSA),Papua New Guinea/Asia-Pacific,Food Security,"USD 10,000,000",The Pacific Community,"Department of Agriculture and Livestock ,SPC Land Resource Division,Government of PNG",03/24/2023,4.5 years,Proposal Approved,"USD 1,095,452",,,,,,,10000000,4.5
Improved Resilience of Coastal Communities in Côte d’Ivoire and Ghana,Regional/Africa,,"USD 13,991,159",UN-Habitat,Ghana and Côte d’Ivoire: University of Twente – Habitat for Humanity International – Abidjan Convention,08/28/2023,4.5 years,Project Under Implementation,"USD 3,122,324",09/26/2024,03/26/2029,,,,,13991159,4.5
Strengthening Community Resilience of Rural Populations in the Arid Zones of Northwestern Argentina in the Face of Climate Change by Improving Access to Water and the Application of Sustainable Land Management Practices,Argentina/Latin America & Caribbean,Multi-sector,"USD 10,000,000",Development Bank of Latin America,"Secretariat of Tourism, Environment and Sports of the Government of Argentina ,Development Bank of Latin America and the Caribbean (CAF)",04/11/2025,5 years,Proposal Approved,,,,,,,,10000000,5.0
Build Resilience to Climate Change and Climate Variability of Vulnerable Communities in Mullaitivu District of Sri Lanka,Sri Lanka/Asia-Pacific,Multi-sector,"USD 2,000,000",UN-Habitat,"National Level: Ministry of Environment,Subnational Level: District Secretariat Mullaitivu",03/13/2023,2 years,Project Under Implementation,"USD 1,032,591",12/07/2023,12/07/2025,,06/07/2027,,,2000000,2.0
Harnessing the Water-energy-food Nexus to Address and Adapt to Climate Change Impacts in Tawi-Tawi,Philippines/Asia-Pacific,Water management,"USD 9,994,955",United Nations Industrial Development Organization,"United Nations Industrial Development Organization (UNIDO) ,Mindanao Development Authority (MinDA)",04/11/2025,4 years,Proposal Approved,,,,,,,,9994955,4.0
Climate Resilience and Livelihoods in the Nicaraguan Dry Corridor (CRLNDC),Nicaragua/Latin America & Caribbean,Agriculture,"USD 10,000,000",UN World Food Programme,Ministry of Environment and Natural Resources (MARENA),04/19/2024,5 years,Proposal Approved,"USD 2,705,042",,,,,,,10000000,5.0
"Enhancing Adaptive Capacity in Lao PDR Provinces, and Building Resilient Housing in Vulnerable Communities",Lao People's Democratic Republic/Asia-Pacific,"Infrastructure
Rural development","USD 7,561,131",UN-Habitat,"Ministry of Public Works and Transport,Ministry of Natural Resources and Environment,Ministry of Education and Sports,Provincial Departments of Public Works and Transport (+NPSEs) and Provincial Departments of Natural Resources and Environment in Bokeo, Vientiane, Bolikhamxay, Khammouane, Champasak and Attapeu Provinces",10/13/2023,4 years,Project Under Implementation,"USD 3,100,064",05/30/2024,05/30/2028,,,,,7561131,4.0
Building a Program for Adaptation and Resilience to Climate Change of Andean Local Communities and Ecosystems in Peru,Peru/Latin America & Caribbean,Multi-sector,"USD 4,746,620",Peruvian Trust Fund for National Parks and Protected Areas,Helvetas Swiss Intercooperation,10/11/2024,4 years,Project Under Implementation,"USD 1,235,195",08/11/2025,08/11/2029,,,,,4746620,4.0
Multisectoral Adaptation Measures to Climate Change in the South Oropouche River Basin for Flood Relief,Trinidad and Tobago/Latin America & Caribbean,Multi-sector,"USD 10,000,000",Development Bank of Latin America,The University of the West Indies (UWI),04/08/2022,4 years,Project Under Implementation,"USD 5,626,865",09/13/2023,09/13/2027,,,,,10000000,4.0
Enhancing Resilience of Communities and Ecosystems in the Face of a Changing Climate in Arid and Semi-arid Areas of Zimbabwe,Zimbabwe/Africa,Rural development,"USD 4,989,000",Environmental Management Agency of Zimbabwe,"Care International,Organisation for Rural Associations for Progress (ORAP),Towards Sustainable Use of Resources Organisation (TSURO)",04/19/2024,4 years,Project Under Implementation,"USD 1,434,800",12/18/2024,12/18/2028,,,,,4989000,4.0
Strengthening Climate Resilience in Livelihoods and Coastal Ecosystems of the Central Pacific of Panama,Panama/Latin America & Caribbean,Coastal management,"USD 10,000,000",Fundacion Natura,"Ministry of Environment (MiAmbiente),Ministry of Agricultural Development (MIDA),Panama Aquatic Resources Authority (ARAP),Institute of Meteorology and Hydrology of Panama (IMHPA)",04/11/2025,3 years,Proposal Approved,,,,,,,,10000000,3.0
Increasing Rural Communities’ Adaptive Capacity and Resilience to Climate Change in Bandama Basin in Côte d’Ivoire,Côte d'Ivoire/Africa,Agriculture,"USD 6,000,000",International Fund Agricultural Dev,"Societe d’exploitation de Developpement Aeroportuaire Aeronautique Meteo (SODEXAM),Ministry of Agriculture and Rural Development ,Ministry of Environment and Sustainable Development",02/23/2022,4 years,Proposal Approved,"USD 2,060,470",,05/30/2029,,,,,6000000,4.0
"Strengthening Resilience of Vulnerable Communities in Sri Lanka and India to Increased Impacts of Climate Change (India, Sri Lanka)",Regional/Other,Food Security,"USD 13,995,524",UN World Food Programme,"India: Ministry of Environment, Forest and Climate Change,Sri Lanka: Ministry of Environment",03/13/2023,5 years,Project Under Implementation,"USD 2,138,450",10/21/2024,10/21/2029,,,,,13995524,5.0
Integrated Water and Soil Resources Management Project (Projet de gestion intégrée des ressources en eau et des sols PROGIRES),Djibouti/Africa,Water management,"USD 5,339,285",International Fund Agricultural Dev,"Ministry of Agriculture, Water, Fisheries and Livestock",07/26/2021,5.5 years,Project Under Implementation,"USD 2,902,375",03/29/2022,09/29/2027,,,,,5339285,5.5
Strengthening Resilience to Climate and Covid-19 shocks through Integrated Water Management on the Sudan – Chad Border area (SCCIWM),Regional/Africa,Disaster risk reduction and early warning system,"USD 14,000,000",Food and Agriculture Organization of the United Nations,"Higher Council for Environment and Natural Resources (Sudan) ,Ministry of Irrigation and Water Resources (Sudan) ,Ministry of Agriculture and Natural Resources (Sudan),Ministry of Environment, Water and Fisheries (Chad) ,Ministry of Urban and Rural Water (Chad),Meteorological Authority (Sudan),National Meteorological Agency (Chad),Food and Agriculture Organization of the United Nations (FAO)",04/08/2022,3 years,Proposal Approved,,,,,,,,14000000,3.0
Increase the Climate Change Resilience to Water Scarcity and Flooding in the Tuban Delta,Yemen/Asia-Pacific,Water management,"USD 9,998,560",UN-Habitat,"Ministry of Water and Environment,Ministry of Agriculture and Irrigation,Cooperative and Agricultural Credit Bank",04/10/2025,3.5 years,Proposal Approved,"USD 1,188,329",,,,,,,9998560,3.5
"Strengthening the Adaptive Capacities of Climate-Vulnerable Communities in the Goascorán Watershed of El Salvador and Honduras through Integrated Community-Based Adaptation Practices and Services (El Salvador, Honduras)",Regional/Other,Food Security,"USD 12,048,300",UN World Food Programme,"El Salvador: Ministry of Environment and Natural Resources (MARN),Honduras: Secretariat of Natural Resources and Environment (MiAmbiente+)",10/14/2022,5 years,Project Under Implementation,"USD 2,046,280",10/09/2024,10/09/2029,,,,,12048300,5.0
Integrated water resources management and early warning system for climate change resilience in the Lake Chad Basin,Regional/Africa,Disaster risk reduction and early warning system,"USD 11,665,500",World Meteorological Organization,"Global Water Partnership Central Africa (GWP-CAf),Lake Chad Basin Commission (LCBC)",04/11/2025,5 years,Proposal Approved,,,,,,,,11665500,5.0
Rural Integrated Climate Adaptation and Resilience Building Project (RICAR),Gambia/Africa,Rural development,"USD 10,000,000",UN World Food Programme,"Ministry of Environment, Climate Change and Natural Resources (MoECCNAR)",03/11/2021,5 years,Project Under Implementation,"USD 3,124,586",03/21/2022,03/21/2027,,,,,10000000,5.0
EMBRACING THE SUN: Redefining Public Space as a Solution for the Effects of Global Climate Change in Indonesia’s Urban Areas,Indonesia/Asia-Pacific,Urban development,"USD 824,835",Partnership for Governance Reform (Kemitraan) of Indonesia,"School of Design Office, Creative Industries Faculty, Queensland University of Technology,Resilience Research Institute, the University 17 Agustus 1945 Surabaya, Indonesia",10/21/2021,2 years,Project Under Implementation,"USD 824,835",11/21/2022,11/21/2024,,05/21/2025,,,824835,2.0
"Scaling-up climate-resilient rice production in West Africa (Benin, Burkina Faso, Côte d’Ivoire, Gambia (Republic of the), Ghana, Guinea, Liberia, Mali, Niger, Nigeria, Senegal, Sierra Leone and Togo)",Regional/Other,Food Security,"USD 14,000,000",Sahara and Sahel Observatory,"National level: National Coordination Institutions Benin: Secrétariat Général du Ministère de lAgriculture, de lElevage et de la Pêche (SG/MAEP) / Institut National des Recherches Agricoles du Bénin (INRAB) Burkina Faso: Ministère de lagriculture et des aménagements hydro-agricoles /Direction générale des études et des statistiques sectorielles Côte d’Ivoire: Ministère de lAgriculture et du Développement Rural / Agence Nationale dAppui au Développement Rural (ANADER) The Gambia: Ministry of Agriculture Ghana: CSIR-Savanna Agricultural Research Institute (SARI) Guinea: Institut de Recherche Agronomique (IRAG) ,Regional level: Regional Coordination Unit based at the Regional Centre of Specialization in Rice sponsored by ECOWAS (RCoS-Rice/IER) in Mali, in partnership with Climate-Resilient Farming Systems program at Cornell University, USA,National level (continues): Liberia: Community of Hope Agriculture Project (CHAP) Mali: Direction Nationale de l’Agriculture (DNA) Niger: Institut National de la Recherche Agronomique du Niger (INRAN) Nigeria: Agricultural Research Council of Nigeria (ARCN) Senegal: Agence Nationale de Conseil Agricole et Rural (ANCAR) Sierra Leone: Rokupr Rice Research Centre/Sierra Leone Agricultural Research Institute Togo: Institut de Conseil et Appui Technique (ICAT)",10/21/2021,4.5 years,Project Under Implementation,"USD 7,297,500",02/24/2023,08/24/2027,,,,,14000000,4.5
Nature-based Climate Adaptation Programme for the Urban Areas of Penang Island,Malaysia/Asia-Pacific,Urban development,"USD 10,000,000",UN-Habitat,"Majlis Bandaraya Pulau Pinang (MBPP),Jabatan Pengairan Dan Saliran (JPS) ,Think City,Ministry of Environment and Water (KASA)",02/23/2022,5 years,Project Under Implementation,"USD 3,000,000",09/06/2022,09/06/2027,,,,,10000000,5.0
Strengthening Local Communities’ Adaptive Capacity and Resilience to Climate Change through Sustainable Groundwater Utilisation in Zimbabwe,Zimbabwe/Africa,Water management,"USD 5,000,000","United Nations Educational, Scientific and Cultural Organization","Ministry of Lands, Agriculture, Water, Climate and Rural Resettlement",04/08/2021,4 years,Project Under Implementation,"USD 409,792",,01/31/2028,,,,,5000000,4.0
Building Climate Resilience in Liberia’s Cocoa and Rice Sectors,Liberia/Africa,Agriculture,"USD 9,592,082",International Fund Agricultural Dev,Ministry of Agriculture,09/23/2020,5 years,Project Under Implementation,"USD 5,965,601",04/14/2022,04/14/2027,,,,,9592082,5.0
Increasing Local Communities’ Resilience to Climate Change through Youth Entrepreneurship and Integrated Natural Resources Management,Cameroon/Africa,Agriculture,"USD 9,982,000",International Fund Agricultural Dev,"Ministry of Environment, Protection of Nature and Sustainable Development (MINEPDED)",09/23/2020,6 years,Project Under Implementation,"USD 3,427,000",10/27/2022,10/27/2028,,,,,9982000,6.0
Climate Change Adaptation through Protective Small-scale Infrastructure Interventions in Coastal Settlements of Cambodia,Cambodia/Asia-Pacific,Urban development,"USD 5,000,000",UN-Habitat,National Council for Sustainable Development (NCSD),01/26/2021,4 years,Project Under Implementation,"USD 5,000,000",08/26/2021,08/26/2025,,12/25/2025,,,5000000,4.0
"West and Central Africa Small Island Developing States ADAPT – Building resilience of agricultural systems to climate change (Cabo Verde, Guinea Bissau, Sao Tome and Principe)",Regional/Other,Food Security,"USD 14,000,000",International Fund Agricultural Dev,"Ministério do Ambiente e Biodiversidade,Ministério das Infraestruturas e Recursos Naturais,Instituto Nacional de Meteorologia e Geofica",03/24/2023,6 years,Proposal Approved,"USD 1,294,136",,,,,,,14000000,6.0
Increasing the resilience of both displaced persons and host communities to climate change-related water challenges in Jordan and Lebanon,Regional/Other,Transboundary Water Management,"USD 13,973,509",UN-Habitat,"Ministry of Environment; Ministry of Energy and Water; Line departments in municipalities; UNICEF and NGO partners for Lebanon,Ministry of Environment, Ministry of Water and Irrigation;; Line departments in municipalities; UNICEF and NGO partners for Jordan",03/11/2021,4 years,Project Under Implementation,"USD 13,973,509",10/20/2021,10/20/2025,,10/26/2026,,,13973509,4.0
"Mekong EbA South: Enhancing Climate Resilience in the Greater Mekong Sub-region through Ecosystem-based Adaptation in the Context of South-South Cooperation (Thailand, Viet Nam)",Regional/Asia-Pacific,Transboundary Water Management,"USD 7,000,000",UN Environment Programme,"International Union for Conservation of Nature (IUCN) ,Ministry of Natural Resources and Environment of Vietnam,Ministry of Natural Resources and Environment of Thailand.",03/11/2021,4 years,Project Under Implementation,"USD 3,352,650",07/19/2023,07/19/2027,,,,,7000000,4.0
Strategic Water Harvesting Technologies for Enhancing Resilience to Climate Change in Rural Communities in Semi-Arid Areas of Tanzania (SWAHAT),"Tanzania, United Republic of/Africa",Agriculture,"USD 1,280,000",National Environment Management Council,Sokoine University of Agriculture,09/23/2020,4 years,Project Under Implementation,"USD 1,098,787",10/13/2021,10/13/2025,,,,,1280000,4.0
Bunda Climate Resilience and Adaptation Project,"Tanzania, United Republic of/Africa",Agriculture,"USD 1,400,000",National Environment Management Council,Bunda District Council,04/08/2021,3 years,Project Under Implementation,"USD 1,157,870",03/04/2022,03/04/2025,,03/12/2026,,,1400000,3.0
"Safekeeping-Surviving-Sustaining towards Resilience: 3S Approach to Build Coastal City Resilience to Climate Change Impacts and Natural Disasters in Pekalongan City, Central Java Province",Indonesia/Asia-Pacific,Multi-sector,"USD 5,972,670",Partnership for Governance Reform (Kemitraan) of Indonesia,Kemitraan (The Partnership for Governance Reform),09/23/2020,3 years,Project Under Implementation,"USD 5,972,670",07/15/2021,07/15/2024,,07/13/2026,,,5972670,3.0
"Adapting to Climate Change through Sustainable Integrated Watershed Governance in Indigenous People of Ammatoa Kajang Customary Area in Bulukumba Regency, South Sulawesi Province, Indonesia",Indonesia/Asia-Pacific,Water management,"USD 1,125,015",Partnership for Governance Reform (Kemitraan) of Indonesia,"PERKUMPULAN PAYO PAYO,OASE (An Organization on Social and Environmental issues)",09/23/2020,2 years,Project Completed,"USD 1,125,015",04/01/2021,04/01/2023,,03/31/2024,,,1125015,2.0
"Enhancing the adaptation capability of coastal community in facing the impacts of climate change in Negeri (village), Asilulu, Ureng and Lima of Leihitu District Maluku Tengah Regency Maluku Province",Indonesia/Asia-Pacific,Coastal management,"USD 963,456",Partnership for Governance Reform (Kemitraan) of Indonesia,Harmony Alam Indonesia (HAI) Foundation,10/21/2021,3 years,Project Under Implementation,"USD 963,456",08/29/2022,08/29/2025,,,,,963456,3.0
Adaptation to Climate-Induced Water Stresses through Integrated Landscape Management in Bhutan,Bhutan/Asia-Pacific,Multi-sector,"USD 9,998,955",Bhutan Trust Fund for Environmental Conservation,"Department of Agriculture and Department of Forests and Park Services, Ministry of Agriculture and Forests,Department of Engineering Services, Ministry of Works and Human Settlement,Ministry of Finance,Department of Local Governance, Ministry of Home and Cultural Affairs",10/14/2022,5 years,Project Under Implementation,"USD 6,255,179",05/30/2023,05/30/2028,,,,,9998955,5.0
"Reducing vulnerabilities of populations in the Central Asia region from glacier lake outburst floods in a changing climate (Kazakhstan, Kyrgyzstan, Tajikistan, Uzbekistan)",Regional/Asia-Pacific,Disaster risk reduction and early warning system,"USD 6,500,000","United Nations Educational, Scientific and Cultural Organization",UNESCO Cluster office in Almaty,10/15/2020,5 years,Project Under Implementation,"USD 5,671,776",04/29/2021,04/29/2026,,04/29/2027,,,6500000,5.0
Building Resilient Food Security Systems to Benefit the Southern Egypt Region- Phase 2,Egypt/Africa,Food Security,"USD 3,094,962",UN World Food Programme,Ministry of Agriculture and Land Reclamation,09/23/2020,3 years,Project Under Implementation,"USD 3,094,962",09/20/2021,09/20/2024,,09/20/2025,,,3094962,3.0
Implementing Measures for Climate Change Adaptation and Disaster Risk Reduction Mitigation of School Facilities in Haiti,Haiti/Latin America & Caribbean,Disaster Risk Reduction,"USD 9,916,344","United Nations Educational, Scientific and Cultural Organization","United Nations Office for Project Services (UNOPS),Ministry of Environment (MdE),Ministry of National Education and Vocational Training (MENFP),Direction of Civil Protection (DPC),University National of Haiti (NUH),UNESCO Chair in Intersectoral Safety for DRR and Resilience of the University of Udine, Italy (UD)",02/23/2022,3 years,Project Under Implementation,"USD 9,516,237",12/21/2022,12/21/2025,,12/21/2026,,,9916344,3.0
Enhancing the resilience inclusive and sustainable eco-human settlement development through small scale infrastructure interventions in the coastal regions of the Mekong Delta in Viet Nam,Viet Nam/Asia-Pacific,Urban development,"USD 6,345,292",UN-Habitat,UH-Habitat,06/01/2020,3 years,Project Under Implementation,"USD 5,001,188",12/16/2020,12/16/2023,,06/16/2027,,,6345292,3.0
Increasing the climate change resilience of communities in Eastern Ghouta in Rural Damascus to water scarcity challenges through integrated natural resource management and immediate adaptation interventions,Syrian Arab Republic/Asia-Pacific,Water management,"USD 9,997,156",UN-Habitat,"United Nations Development Programme (UNDP),Food and Agricultural Organization (FAO),UN-Habitat",04/08/2021,3.5 years,Project Under Implementation,"USD 9,997,156",10/24/2021,04/24/2025,,09/30/2025,,,9997156,3.5
"Enhance community, local and national-level urban climate change resilience to water scarcity, caused by floods and droughts in Rawalpindi and Nowshera, Pakistan",Pakistan/Asia-Pacific,Urban development,"USD 6,094,000",UN-Habitat,National level: - Ministry of Climate Change – through establishment of PMU; NDMA - Ministry of Water Resources Local level: - Concerned provincial and district departments including Provincial and district disaster management authorities - Municipal Corporation Rawalpindi and Municipal Committee/Tehsil Municipal Administration Nowshera Community level: - Shehersaaz NGO - Elected representatives and officials of target Union and Neighbourhood Councils - Community based organizations and citizen/women groups in target communities,06/01/2020,3 years,Project Under Implementation,"USD 6,094,000",12/22/2020,12/22/2023,,12/22/2026,,,6094000,3.0
Enhancing Climate Change Resilience of Coastal Communities of Zanzibar,"Tanzania, United Republic of/Africa",Coastal management,"USD 1,000,000",National Environment Management Council,"Department of Environment, Second Vice President’s Office, Zanzibar",06/01/2020,3 years,Project Under Implementation,"USD 1,000,000",01/12/2022,01/12/2025,,,,,1000000,3.0
Enhancing Climate Change Adaptation for Agro-Pastoral Communities in Kongwa District,"Tanzania, United Republic of/Africa",Rural development,"USD 1,200,000",National Environment Management Council,"The Foundation for Energy,Climate and Environment, Kongwa District Council",06/01/2020,4 years,Project Under Implementation,"USD 1,200,000",10/12/2021,10/12/2025,,10/10/2025,,,1200000,4.0
"Economic, Social and Solidarity Insertion for Resilience in the Governorate of Kairouan (IESS Adapt)",Tunisia/Africa,Rural development,"USD 9,997,190",International Fund Agricultural Dev,Ministry for Agriculture Water Resources and Fisheries (MAWRF),06/01/2020,5 years,Project Under Implementation,"USD 7,462,320",09/02/2021,09/02/2026,,,,,9997190,5.0
Adapting to Climate Change Through Integrated Risk Management Strategies and Enhanced Market Opportunities for Resilient Food Security and Livelihoods,Malawi/Africa,Food Security,"USD 9,989,335",UN World Food Programme,"Ministry of Agriculture, Irrigation and Water Development (MoAIWD)",10/11/2019,5 years,Project Under Implementation,"USD 9,989,335",06/11/2020,06/11/2025,,10/15/2025,,,9989335,5.0
Building adaptive capacity to climate change in vulnerable communities living in the Congo River Basin,Congo/Africa,Food Security,"USD 9,999,909",UN World Food Programme,"Ministry of Tourism and Environment ,",10/11/2019,5 years,Project Under Implementation,"USD 5,102,148",02/22/2022,02/22/2027,,,,,9999909,5.0
"Enhancing climate resilience of rural communities and ecosystems in Ahuachapán-Sur, El Salvador",El Salvador/Latin America & Caribbean,,"USD 8,484,503",UN Development Programme,Ministry of Environment and Natural Resources (MARN),10/11/2019,5 years,Project Under Implementation,"USD 7,880,428",06/16/2021,06/16/2026,,,,,8484503,5.0
Enhancing the Resilience of Belize’s Coastal Communities to Climate Change Impacts,Belize/Latin America & Caribbean,Coastal management,"USD 4,000,000",Protected Areas Conservation Trust,"National Climate Change Office (NCCO),Coastal Zone Management Authority and Institute (CZMAI),National Meteorological Service (NMS),National Hydrological Service (NHS),Ministry of Infrastructure Development and Housing (MIDH)",04/19/2024,4.5 years,Proposal Approved,"USD 1,050,747",,,,,,,4000000,4.5
"Strengthening Drought Resilience for Small Holder Farmers and Pastoralists in the IGAD Region (Djibouti, Kenya, Sudan, Uganda)",Regional/Other,Disaster risk reduction and early warning system,"USD 13,079,540",Sahara and Sahel Observatory,"Regional level: Global Water Partnership Eastern Africa (GWPEA) hosted by the Nile Basin Initiative (NBI) secretariat; National level: National Project Management Units NPMUs) [Djibouti] Directorate of Rural Hydraulics, [Kenya] Ministry of Environment and Natural Resources, [Sudan] Ministry of Water Resources and Electricity, [Uganda] Ministry of Water and Environment",10/11/2019,4 years,Project Under Implementation,"USD 13,079,540",10/10/2020,10/10/2024,,04/09/2026,,,13079540,4.0
"Resilience building as climate change adaptation in drought-struck South-western African communities (Angola, Namibia)",Regional/Other,Transboundary Water Management,"USD 11,941,038",Sahara and Sahel Observatory,"[National level] - Angola : ADPP (Ajuda de Desenvolvimento de Povo para Povo); - Namibia: DAPP (Development Aid from People to People),[Regional] ADPP (Ajuda de Desenvolvimento de Povo para Povo)",07/26/2021,5.5 years,Project Under Implementation,"USD 7,674,000",03/15/2022,09/15/2027,,,,,11941038,5.5
Talent Retention for Rural Transformation – Adapt (TART-Adapt),"Moldova, Republic of/Eastern Europe",Food Security,"USD 6,008,095",International Fund Agricultural Dev,Ministry of Agriculture Rural Development and Environment (MARDE),10/11/2019,4 years,Project Under Implementation,"USD 3,575,533",03/22/2021,03/22/2025,,,,,6008095,4.0
Regional Resilient Pastoral Communities Project -ADAPT,Kyrgyzstan/Asia-Pacific,Agriculture,"USD 9,999,313",International Fund Agricultural Dev,"Ministry of Agriculture (MoA),Ministry of Natural Resources, Ecology and Technical Supervision (MoNR)",04/08/2022,4 years,Project Under Implementation,"USD 803,662",07/03/2024,07/03/2028,,10/31/2027,,,9999313,4.0
Dairy Modernization and Market Access: Adaptation Component (DiMMAdapt),Georgia/Eastern Europe,Agriculture,"USD 4,644,794",International Fund Agricultural Dev,Ministry of Environmental Protection and Agriculture (MEPA),10/11/2019,4 years,Project Under Implementation,"USD 4,644,794",04/16/2021,04/16/2025,,06/30/2026,,,4644794,4.0
Community Adaptation for Forest-Food Based Management in Saddang Watershed Ecosystem,Indonesia/Asia-Pacific,Food Security,"USD 835,465",Partnership for Governance Reform (Kemitraan) of Indonesia,Environmental and Climate Change Adaptation Consortium (Konsorsium Adaptasi Perubahan Iklim dan Lingkungan/KAPABEL),07/08/2019,1 years,Project Completed,"USD 835,465",10/20/2020,10/20/2021,,07/31/2022,07/31/2022,,835465,1.0
"Enhancing Adaptive Capacity of Andean Communities through Climate Services (ENANDES) (Chile, Colombia, Peru)",Regional/Other,Disaster risk reduction and early warning system,"USD 7,432,250",World Meteorological Organization,"National Meteorological and Hydrological Services of Colombia (IDEAM), Chile (DMC) and Peru (SENAMHI), and the WMO Regional Climate Centre for Western South America (CIIFEN)",07/08/2019,4 years,Project Under Implementation,"USD 6,688,800",02/02/2021,02/02/2025,,08/01/2026,,,7432250,4.0
Improving adaptive capacity of vulnerable and food-insecure populations in Lesotho,Lesotho/Africa,Food Security,"USD 9,999,894",UN World Food Programme,"Ministry of Energy and Meteorology,Ministry of Forestry, Range and Soil Conservation",07/08/2019,4 years,Project Under Implementation,"USD 9,999,894",10/08/2020,10/08/2024,,04/08/2025,,,9999894,4.0
Building climate and disaster resilience capacities of vulnerable small towns in Lao PDR,Lao People's Democratic Republic/Asia-Pacific,Disaster Risk Reduction,"USD 5,500,000",UN-Habitat,"Ministry of Public Works and Transport,Min of Natural Resources and Environment,Provincial Department of Public Works and Transport in Savannakhet Province,Department of Natural Resources and Environment in Savannakhet Province",07/08/2019,4 years,Project Under Implementation,"USD 5,500,000",06/05/2020,06/05/2024,,06/04/2026,,,5500000,4.0
An integrated landscape approach to enhancing the climate resilience of small-scale farmers and pastoralists in Tajikistan,Tajikistan/Asia-Pacific,Rural development,"USD 9,996,441",UN Development Programme,Committee for Environmental Protection (CEP),07/08/2019,4 years,Project Under Implementation,"USD 8,136,171",08/28/2021,08/28/2025,,08/28/2027,,,9996441,4.0
Promoting Climate Resilience in the Cocoa and Rice Sectors as an Adaptation Strategy in Sierra Leone,Sierra Leone/Africa,Multi-sector,"USD 9,916,925",International Fund Agricultural Dev,Ministry of Agriculture and Forestry (MAF),07/08/2019,6 years,Project Under Implementation,"USD 6,358,317",05/06/2020,05/06/2026,,03/31/2027,,,9916925,6.0
Building resilience for adaptation to climate change and climate vulnernabilities in agriculture in Saint Lucia,Saint Lucia/Latin America & Caribbean,Agriculture,"USD 9,858,570",Caribbean Development Bank,"Ministry of Agriculture, Fisheries, Physical Planning, Natural Resources and Cooperatives",07/08/2019,4 years,Project Under Implementation,"USD 4,271,552",09/03/2021,09/03/2025,,03/03/2027,,,9858570,4.0
"Building urban climate resilience in south-eastern Africa (Madagascar, Malawi, Mozambique, Union of Comoros)",Regional/Other,Disaster risk reduction and early warning system,"USD 13,997,423",UN-Habitat,"For regional coordination purposes: Disaster Risk Reduction Unit of the Southern Africa Development Community (SADC), in partnership with DiMSUR: Technical Centre for Disaster Risk Management, Sustainability and Urban Resilience For national level activities: National Government Entities For city level activities: Oxfam International (in cooperation with municipalities, local NGOs and communities) and sub-contractors",07/15/2019,4 years,Project Under Implementation,"USD 13,997,423",06/23/2020,06/23/2024,,04/21/2025,,,13997423,4.0
"Integrated climate-resilient transboundary flood risk management in the Drin River basin in the Western Balkans (Albania, the Former Yugoslav Republic of Macedonia, Montenegro)",Regional/Other,Disaster risk reduction and early warning system,"USD 9,927,750",UN Development Programme,"Global Water Partnership, UNDP",03/15/2019,5 years,Project Under Implementation,"USD 9,927,750",10/22/2019,10/22/2024,,10/22/2025,,,9927750,5.0
Adaptation Initiative for Climate Vulnerable Offshore Small Islands and Riverine Charland in Bangladesh,Bangladesh/Asia-Pacific,Disaster Risk Reduction,"USD 9,995,369",UN Development Programme,"Department of Environment, Ministry of Environment, Forest and Climate Change",03/15/2019,5 years,Project Under Implementation,"USD 5,243,765",06/29/2021,06/29/2026,,12/29/2027,,,9995369,5.0
"Integration of climate change adaptation measures in the concerted management of the WAP transboundary complex: ADAPT-WAP (Benin, Burkina Faso, Niger)",Regional/Other,Disaster risk reduction and early warning system,"USD 11,536,200",Sahara and Sahel Observatory,Regional Management Unit (RMU) hosted by the OSS,07/15/2019,4 years,Project Under Implementation,"USD 11,536,200",04/21/2020,04/21/2024,,,,,11536200,4.0
"Enhancing Climate Resilience in San Cristóbal province, Dominican Republic Integrated Water Resources Management and Rural Development Programme",Dominican Republic/Latin America & Caribbean,Water management,"USD 9,953,692",Dominican Institute of Integral Development of Dominican Republic,"Ministry of Environment and Natural Resources, National Institute for Water Supply, Community-based NGOs",03/15/2019,4 years,Project Completed,"USD 9,953,692",07/17/2019,07/17/2023,,03/16/2024,,,9953692,4.0
Strengthening land based adaptation capacity in communities adjacent to protected areas in Armenia,Armenia/Eastern Europe,Forests,"USD 2,506,000",Environmental Project Implementation Unit,Ministry of Nature Protection of RA,03/15/2019,3 years,Project Completed,"USD 2,506,000",09/26/2019,09/26/2022,,09/26/2023,07/01/2024,,2506000,3.0
"Climate Change adaptation in vulnerable coastal cities and ecosystems of the Uruguay River (Argentina, Uruguay)",Regional/Other,Disaster risk reduction and early warning system,"USD 13,999,996",Development Bank of Latin America,"Argentine Government Secretariat of Environment and Sustainable Development,Ministry of Housing, Territorial Planning and Environment of Uruguay",07/15/2019,4 years,Project Under Implementation,"USD 13,999,996",08/04/2021,08/04/2025,,08/04/2026,,,13999996,4.0
"Integrating Flood and Drought Management and Early Warning for Climate Change Adaptation in the Volta Basin (Benin, Burkina Faso, Côte d’Ivoire, Ghana, Mali, Togo)",Regional/Other,Disaster risk reduction and early warning system,"USD 7,920,000",World Meteorological Organization,"World Meteorological Organization (WMO), Volta Basin Authority (VBA) and Global Water Partnership West Africa (GWP-WAF)",10/12/2018,4 years,Project Under Implementation,"USD 7,920,000",06/25/2019,06/25/2023,"Map data ©2025 Google
Terms
This page can't load Google Maps correctly.
Do you own this website? OK",06/25/2024,,,7920000,4.0
"Restoring marine ecosystem services by rehabilitating coral reefs to meet a changing climate future (Mauritius, Seychelles)",Regional/Other,Food Security,"USD 10,000,000",UN Development Programme,"Mauritius: Ministry of Ocean Economy, Marine Resources, Fisheries, and Shipping Seychelles: Ministry of Environment, Energy, and Climate Change",10/12/2018,6 years,Project Under Implementation,"USD 8,959,269",11/26/2020,11/26/2026,"Map data ©2025 Google
Terms
This page can't load Google Maps correctly.
Do you own this website? OK",,,,10000000,6.0
Artik city closed stonepit wastes and flood management pilot project,Armenia/Eastern Europe,Urban development,"USD 1,435,100",Environmental Project Implementation Unit,Ministry of Nature Protection of RA,10/12/2018,4 years,Project Completed,"USD 1,435,100",07/26/2019,07/26/2023,"Keyboard shortcuts
Map Data
Terms
This page can't load Google Maps correctly.
Do you own this website? OK",,12/20/2022,,1435100,4.0
"Increasing adaptive capacity of local communities, ecosystems and hydroelectric systems in the Río Blanco upper watershed (Toachi-Pilatón watershed) with a focus on Ecosystem and Community Based Adaptation and Integrated Adaptive Watershed Management",Ecuador/Latin America & Caribbean,Rural development,"USD 2,489,373",Development Bank of Latin America,Food and Agriculture Organization (FAO) and the Ministry of Environment of Ecuador (MAE),07/16/2018,3 years,Proposal Approved,"USD 646,368",,,"Map data ©2025 Google
Terms
This page can't load Google Maps correctly.
Do you own this website? OK",,,,2489373,3.0
"Promoting Climate-Smart Agriculture in West Africa (Benin, Burkina Faso, Ghana, Niger, Togo)",Regional/Other,Food Security,"USD 14,000,000",Banque Ouest Africaine de Developpement,"ECOWAS Regional Agency for Agriculture and Food (RAAF) in collaboration with Directorates in Charge of Environment, Agriculture, and Livestock in the 5 countries indicated above",07/16/2018,3.5 years,Project Under Implementation,"USD 12,282,000",11/17/2020,05/17/2024,"Map data ©2025
Terms
This page can't load Google Maps correctly.
Do you own this website? OK",11/17/2025,,,14000000,3.5
"Reducing climate vulnerability and flood risk in coastal urban and semi urban areas in cities in Latin America (Chile, Ecuador)",Regional/Other,Disaster risk reduction and early warning system,"USD 13,910,400",Development Bank of Latin America,Ministry of the Environment (Chile); Ministry of the Environment (Ecuador),07/16/2018,5 years,Project Under Implementation,"USD 13,910,400",01/22/2020,01/22/2025,"Map data ©2025
Terms
This page can't load Google Maps correctly.
Do you own this website? OK",01/22/2026,,,13910400,5.0
Flood Resilience in Ulaanbaatar Ger Areas – Climate Change Adaptation through community-driven small-scale protective and basic-services interventions,Mongolia/Asia-Pacific,Disaster Risk Reduction,"USD 4,495,235",UN-Habitat,"World Vision International,,,",07/16/2018,4 years,Project Under Implementation,"USD 4,495,235",02/28/2019,02/28/2023,"Map data ©2025 Google
Terms
This page can't load Google Maps correctly.
Do you own this website? OK",12/31/2023,,,4495235,4.0
Building Resilience of the Agriculture Sector to Climate Change in Iraq,Iraq/Asia-Pacific,Agriculture,"USD 9,999,660",International Fund Agricultural Dev,,03/22/2018,6 years,Project Under Implementation,"USD 1,300,800",12/10/2019,12/10/2025,"Keyboard shortcuts
Map Data
Terms
This page can't load Google Maps correctly.
Do you own this website? OK",06/09/2027,,IRQ/MIE/Agri/2017/1,9999660,6.0
Practical Solutions for Reducing Community Vulnerability to Climate Change in the Federated States of Micronesia,"Micronesia, Federated States of/Asia-Pacific",Multi-sector,"USD 970,000",Micronesia Conservation Trust,,03/22/2018,3 years,Project Under Implementation,"USD 970,000",07/03/2018,07/03/2021,"Keyboard shortcuts
Map Data
Terms
This page can't load Google Maps correctly.
Do you own this website? OK",07/03/2022,,FSM/NIE/Multi/2016/2,970000,3.0
“Akamatutu’anga kia Tukatau te Ora’anga ite Pa Enua” Pa Enua Action for Resilient Livelihoods (PEARL),Cook Islands/Asia-Pacific,Multi-sector,"USD 2,999,125",Ministry of Finance and Economic Management,Climate Change Cook Islands,03/22/2018,3 years,Project Under Implementation,"USD 2,999,125",12/06/2018,12/06/2021,"Map data ©2025
Terms
This page can't load Google Maps correctly.
Do you own this website? OK",,06/06/2022,COK/NIE/Multi/2017/1,2999125,3.0
Scaling up climate-smart agriculture in East Guinea Bissau,Guinea-Bissau/Africa,Agriculture,"USD 9,979,000",Banque Ouest Africaine de Developpement,,10/10/2017,5 years,Project Under Implementation,"USD 7,752,000",01/22/2020,01/22/2025,"Map data ©2025
Terms
This page can't load Google Maps correctly.
Do you own this website? OK",07/22/2026,,GNB/RIE/Agri/2015/1,9979000,5.0
Increasing the resilience of informal urban settlements in Fiji that are highly vulnerable to climate change and disaster risks,Fiji/Asia-Pacific,Urban development,"USD 4,235,995",UN-Habitat,"Ministry of Local Government, Housing &amp;amp;amp; Environment",10/10/2017,5 years,Project Under Implementation,"USD 3,816,607",07/11/2018,07/11/2023,"Map data ©2025 Google
Terms
This page can't load Google Maps correctly.
Do you own this website? OK",07/10/2027,,FJI/NIE/Urban/2016/1,4235995,5.0
Enhancing urban resilience to climate change impacts and natural disasters: Honiara,Solomon Islands/Asia-Pacific,Urban development,"USD 4,395,877",UN-Habitat,"Honiara City Council (HCC); Ministry of Lands, Hou",10/10/2017,4 years,Project Under Implementation,"USD 3,938,550",07/28/2018,07/28/2022,"Map data ©2025 Google
Terms
This page can't load Google Maps correctly.
Do you own this website? OK",06/27/2027,,SLB/MIE/Urban/2016/1,4395877,4.0
Pilot rural desalination plants using renewable power and membrane technology,Namibia/Africa,Water management,"USD 4,999,674",Desert Research Foundation of Namibia,Namibia Water Corporation Ltd (NamWater),10/13/2017,4 years,Project Completed,"USD 4,999,674",07/16/2018,07/16/2022,"Keyboard shortcuts
Map Data
Terms
This page can't load Google Maps correctly.
Do you own this website? OK",,01/30/2023,NAM/NIE/Water/2015/1,4999674,4.0
"Groundwater resources in the Greater Mekong Subregion: Collaborative management to increase resilience (Cambodia, Lao People’s Democratic Republic, Thailand, Viet Nam)",Regional/Asia-Pacific,Transboundary Water Management,"USD 4,898,775","United Nations Educational, Scientific and Cultural Organization","Coordinating Committee for Geoscience Programmes in East and Southeast Asia–Technical Secretariat (CCOP-TS),International Water Management Institute (IWMI),International Groundwater Resource Assessment Centre (IGRAC)",07/28/2022,4 years,Proposal Approved,"USD 535,000",,,"Keyboard shortcuts
Map Data
Terms
This page can't load Google Maps correctly.
Do you own this website? OK",,,,4898775,4.0
Reducing vulnerability and increasing resilience of coastal communities in the Saloum Islands (Dionewar and Fadial),Senegal/Africa,Coastal management,"USD 1,351,000",Centre de Suivi Ecologique,CONAF; ANA,07/05/2017,3 years,Project Under Implementation,"USD 1,351,000",10/23/2018,10/23/2021,"Map data ©2025
Terms
This page can't load Google Maps correctly.
Do you own this website? OK",04/26/2023,,SEN/NIE/Coastal/2015/1,1351000,3.0
"Adapting to Climate Change in Lake Victoria Basin (Burundi, Kenya, Rwanda, Tanzania, Uganda)",Regional/Other,Transboundary Water Management,"USD 5,000,000",UN Environment Programme,Lake Victoria Basin Commission (LVBC),07/05/2017,3 years,Project Under Implementation,"USD 5,000,000",06/27/2018,06/27/2021,"Map data ©2025
Terms
This page can't load Google Maps correctly.
Do you own this website? OK",12/27/2022,,AFR/MIE/Water/2015/1,5000000,3.0
"Building adaptive capacity through food and nutrition security and peacebuilding actions in vulnerable Afro and indigenous communities in the Colombia-Ecuador border area (Colombia, Ecuador)",Regional/Other,Food Security,"USD 14,000,000",UN World Food Programme,"Corponariño, Gran Familia del Pueblo Awá Binaciona",07/05/2017,5 years,Project Under Implementation,"USD 14,000,000",05/03/2018,05/03/2023,"Keyboard shortcuts
Map Data
Terms
This page can't load Google Maps correctly.
Do you own this website? OK",11/03/2024,11/03/2024,LAC/MIE/Food/2015/1,14000000,5.0
"AYNINACUY: Strengthening the livelihoods of vulnerable highland communities in the provinces of Arequipa, Caylloma, Condesuyos, Castilla and La Union in the Region of Arequipa, Peru",Peru/Latin America & Caribbean,Rural development,"USD 2,941,446",Development Bank of Latin America,Special Project COPASA,03/17/2017,3 years,Project Completed,"USD 2,941,446",10/15/2018,10/15/2021,"Keyboard shortcuts
Map Data
Terms
This page can't load Google Maps correctly.
Do you own this website? OK",,07/15/2021,PER/RIE/Rural/2015/1,2941446,3.0
Ecosystem Based Approaches for Reducing the Vulnerability of Food Security to the Impacts of Climate Change in the Chaco region of Paraguay,Paraguay/Latin America & Caribbean,,"USD 7,128,450",UN Environment Programme,Environment Secretariat of Paraguay,03/17/2017,5 years,Project Under Implementation,"USD 7,128,450",04/11/2019,04/11/2024,"Map data ©2025 Google
Terms
This page can't load Google Maps correctly.
Do you own this website? OK",03/30/2027,,PRY/MIE/Food/2012/1,7128450,5.0
"Agricultural Climate Resilience Enhancement Initiative (ACREI) (Ethiopia, Kenya, Uganda)",Regional/Other,Food Security,"USD 6,800,000",World Meteorological Organization,FAO and IGAD,03/17/2017,3 years,Project Under Implementation,"USD 6,800,000",08/30/2018,08/30/2021,"Map data ©2025 Google
Terms
This page can't load Google Maps correctly.
Do you own this website? OK",08/29/2024,,AFR/MIE/Food/2015/2,6800000,3.0
Ecosystem-Based Adaptation at Communities of the Central Forest Corridor in Tegucigalpa,Honduras/Latin America & Caribbean,,"USD 4,379,700",UN Development Programme,"Ministry of Energy, Natual Resources, Environment",03/17/2017,5 years,Project Under Implementation,"USD 4,379,700",03/04/2019,03/04/2024,"Keyboard shortcuts
Map Data
Terms
This page can't load Google Maps correctly.
Do you own this website? OK",,,HND/MIE/Multi/2016/1,4379700,5.0
Climate Smart Integrated Rural Development Project,Ethiopia/Africa,Rural development,"USD 9,987,910",Ministry of Finance and Economic Cooperation of the Federal Democratic Republic of Ethiopia,MoFEC,03/17/2017,4 years,Project Completed,"USD 9,987,910",07/20/2017,07/20/2021,"Map data ©2025 Google
Terms
This page can't load Google Maps correctly.
Do you own this website? OK",,03/31/2022,ETH/NIE/Rural/2016/1,9987910,4.0
Enhancing the Climate Resilience of vulnerable island communities in Federated States of Micronesia,"Micronesia, Federated States of/Asia-Pacific",Coastal management,"USD 9,000,000",Secretariat of the Pacific Regional Environment Programme,,03/17/2017,5 years,Project Under Implementation,"USD 8,857,345",03/13/2018,03/13/2023,"Map data ©2025 Google
Terms
This page can't load Google Maps correctly.
Do you own this website? OK",09/13/2026,,FSM/RIE/Coastal/2015/1,9000000,5.0
Adapting to climate change through integrated water management in Panama,Panama/Latin America & Caribbean,Water management,"USD 9,967,559",Fundacion Natura,Ministry of Environment; Ministry of Agriculture;,10/05/2016,3 years,Project Under Implementation,"USD 9,967,559",06/06/2018,06/06/2021,"Keyboard shortcuts
Map Data
Terms
This page can't load Google Maps correctly.
Do you own this website? OK",,,PAN/NIE/Water/2016/1,9967559,3.0
An integrated approach to physical adaptation and community resilience in Antigua and Barbuda’s northwest McKinnon’s watershed,Antigua and Barbuda/Latin America & Caribbean,Multi-sector,"USD 9,970,000",Department of Environment Ministry of Health and the Environment (ABED),Project Management Unit (PMU) of the ABED,03/17/2017,3.5 years,Project Under Implementation,"USD 9,970,000",08/01/2017,02/01/2021,"Map data ©2025 INEGI
Terms
This page can't load Google Maps correctly.
Do you own this website? OK",10/01/2024,,ATG/NIE/Multi/2016/1,9970000,3.5
Enhancing the climate and disaster resilience of the most vulnerable rural and emerging urban human settlements in Lao PDR,Lao People's Democratic Republic/Asia-Pacific,Disaster Risk Reduction,"USD 4,500,000",UN-Habitat,Ministry of Natural Resources and Environment; Min,10/07/2016,4 years,Project Under Implementation,"USD 4,500,000",02/24/2017,02/24/2021,"Map data ©2025 Google
Terms
This page can't load Google Maps correctly.
Do you own this website? OK",08/24/2024,,LAO/MIE/DRR/2016/1,4500000,4.0
"Building Adaptive Capacities of Communities, Livelihoods and Ecological Security in the Kanha-Pench Corridor of Madhya Pradesh",India/Asia-Pacific,Forests,"USD 2,556,093",National Bank for Agriculture and Rural Development,RBS Foundation India; Madhya Pradesh Forest Dept.,10/07/2016,5 years,Project Under Implementation,"USD 2,556,093",04/01/2017,04/01/2022,"Map data ©2025 Google
Terms
This page can't load Google Maps correctly.
Do you own this website? OK",,,IND/NIE/Forests/2015/1,2556093,5.0
Enhancing resilience of communities to climate change through catchment-based integrated management of water and related resources in Uganda,Uganda/Africa,Water management,"USD 7,751,000",Sahara and Sahel Observatory,"Ministry of Water and Environment, Uganda",07/05/2016,4 years,Project Under Implementation,"USD 7,751,000",05/07/2017,05/07/2021,"Map data ©2025
Terms
This page can't load Google Maps correctly.
Do you own this website? OK",04/30/2022,,UGA/RIE/Water/2015/1,7751000,4.0
"Enhancing Resilience of Agriculture to Climate Change to Support Food Security in Niger, through Modern Irrigation Techniques",Niger/Africa,Rural development,"USD 9,911,000",Banque Ouest Africaine de Developpement,Ministry of Agriculture of Niger,07/04/2016,5 years,Project Under Implementation,"USD 5,779,000",03/17/2020,03/17/2025,"Map data ©2025
Terms
This page can't load Google Maps correctly.
Do you own this website? OK",09/17/2026,,,9911000,5.0
Adaptation to the Impacts of Climate Change on Peru’s Coastal Marine Ecosystem and Fisheries,Peru/Latin America & Caribbean,Coastal management,"USD 6,950,239",Peruvian Trust Fund for National Parks and Protected Areas,Ministry of Production of Peru,03/18/2016,4 years,Project Under Implementation,"USD 6,950,239",05/17/2018,05/17/2022,"Keyboard shortcuts
Map Data
Terms
This page can't load Google Maps correctly.
Do you own this website? OK",,04/30/2023,,6950239,4.0
Climate changes adaptation project in oasis zones – PACC-ZO,Morocco/Africa,Agriculture,"USD 9,970,000",Agence pour le Developpement Agricole,National Agency of Development of Oases and Argan,04/08/2015,4.5 years,Project Under Implementation,"USD 9,970,000",12/14/2015,06/14/2020,"Keyboard shortcuts
Map Data
Terms
This page can't load Google Maps correctly.
Do you own this website? OK",06/14/2022,,MAR/NIE/Agri/2013/1,9970000,4.5
Programme Support for Climate Change Adaptation in the vulnerable regions of Mopti and Timbouctou,Mali/Africa,Multi-sector,"USD 8,533,348",UN Development Programme,,03/25/2015,3 years,Project Completed,"USD 8,533,348",02/03/2016,02/03/2019,"Map data ©2025
Terms
This page can't load Google Maps correctly.
Do you own this website? OK",09/04/2020,09/04/2020,MLI/MIE/Food/2011/1,8533348,3.0
Increasing the resilience of poor and vulnerable communities to climate change,Jordan/Asia-Pacific,Multi-sector,"USD 9,226,000",Ministry of Planning and International Cooperation,,04/10/2015,4 years,Project Under Implementation,"USD 9,226,000",07/13/2016,07/13/2020,"Keyboard shortcuts
Map Data
Terms
This page can't load Google Maps correctly.
Do you own this website? OK",01/17/2026,,JOR/NIE/Multi/2012/1,9226000,4.0
"Building Adaptive Capacities of Small Inland Fishermen Community for Climate Resilience and Livelihood Security, Madhya Pradesh, India",India/Asia-Pacific,Food Security,"USD 1,790,500",National Bank for Agriculture and Rural Development,Towards Action and Learning (TAAL),04/10/2015,3 years,Project Under Implementation,"USD 895,240",11/18/2015,11/18/2018,"Map data ©2025 Google
Terms
This page can't load Google Maps correctly.
Do you own this website? OK",,,IND/NIE/Food/2013/1,1790500,3.0
Increased Resilience to Climate Change in Northern Ghana through the Management of Water Resources and Diversification of Livelihoods,Ghana/Africa,Water management,"USD 8,293,972",UN Development Programme,"Ministry of Env, Science, Techn and Innovation",03/05/2015,4 years,Project Completed,"USD 8,293,972",05/23/2016,05/23/2020,"Map data ©2025
Terms
This page can't load Google Maps correctly.
Do you own this website? OK",12/31/2020,12/31/2020,GHA/MIE/Water/2012/1,8293972,4.0
Climate smart actions and strategies in north western Himalayan region for sustainable livelihoods of agriculture-dependent hill communities,India/Asia-Pacific,Agriculture,"USD 969,570",National Bank for Agriculture and Rural Development,BAIF Development Research Foundation,10/09/2015,4 years,Project Under Implementation,"USD 969,570",11/16/2016,11/16/2020,"Map data ©2025 Google
Terms
This page can't load Google Maps correctly.
Do you own this website? OK",02/28/2022,,,969570,4.0
Climate Proofing of Watershed Development Projects in the States of Tamil Nadu and Rajasthan,India/Asia-Pacific,Water management,"USD 1,344,155",National Bank for Agriculture and Rural Development,Multiple; see the project document,10/09/2015,3 years,Project Under Implementation,"USD 1,344,155",09/01/2016,09/01/2019,"Map data ©2025 Google
Terms
This page can't load Google Maps correctly.
Do you own this website? OK",03/31/2021,,IND/NIE/Water/2013/1,1344155,3.0
Enhancing resilience to climate change of the small agriculture in the Chilean region of O’Higgins,Chile/Latin America & Caribbean,Agriculture,"USD 9,960,000",Agencia de Cooperación Internacional de Chile,Ministry of Agriculture and Ministry of Environmen,10/09/2015,4 years,Project Completed,"USD 9,960,000",08/18/2017,08/18/2021,"Map data ©2025 Google
Terms
This page can't load Google Maps correctly.
Do you own this website? OK",,08/31/2022,,9960000,4.0
Adapting to climate induced threats to food production and food security in the Karnali Region of Nepal,Nepal/Asia-Pacific,Food Security,"USD 9,527,160",UN World Food Programme,"WFP; Min of Sc, Tech, Envn; Min Fed Aff &amp;amp;amp;amp;amp;amp;amp;amp;amp;amp;amp;amp;amp;amp;amp;amp;amp;amp;amp;amp;amp;amp;amp;amp;amp;amp;amp;amp;amp;amp; Loc Dev",04/01/2015,4 years,Project Completed,"USD 9,527,160",10/26/2018,10/26/2022,"Map data ©2025 Google
Terms
This page can't load Google Maps correctly.
Do you own this website? OK",,10/26/2022,NPL/MIE/Food/2012/1,9527160,4.0
Taking adaptation to the ground: A small Grants Facility for enabling local-level responses to climate change,South Africa/Africa,Multi-sector,"USD 2,442,682",South Africa National Biodiversity Institution,South South North Trust,10/10/2014,4 years,Project Completed,"USD 2,442,682",09/16/2015,09/16/2019,,03/31/2021,12/31/2021,ZAF/NIE/Multi/2013/2,2442682,4.0
"Building Resilience in the greater uMngeni Catchment, South Africa",South Africa/Africa,Water management,"USD 7,495,055",South Africa National Biodiversity Institution,uMgungundlovu District Municipality,10/10/2014,5 years,Project Completed,"USD 7,495,055",12/11/2015,12/11/2020,,03/31/2023,02/28/2025,ZAF/NIE/Water/2013/1,7495055,5.0
Integrated Programme To Build Resilience To Climate Change & Adaptive Capacity Of Vulnerable Communities In Kenya,Kenya/Africa,Multi-sector,"USD 9,998,302",National Environment Management Authority,"KEFRI, TARDA, CDA",10/10/2014,3 years,Project Under Implementation,"USD 9,998,302",01/29/2016,01/29/2019,,06/30/2023,,KEN/NIE/Multi/2013/1,9998302,3.0
"Reducing the Vulnerability by Focusing on Critical Sectors (Agriculture, Water Resources and Coastlines) in order to Reduce the Negative Impacts of Climate Change and Improve the Resilience of these Sectors.",Costa Rica/Latin America & Caribbean,Multi-sector,"USD 9,970,000",Fundecooperacion Para el Desarollo Sostenible,Fundecooperación,10/10/2014,5 years,Project Under Implementation,"USD 9,970,000",10/07/2015,10/07/2020,,04/07/2022,,CRI/NIE/Multi/2013/1,9970000,5.0
Enhancing Adaptive Capacity and Increasing Resilience of Small and Marginal Farmers in Purulia and Bankura Districts of West Bengal,India/Asia-Pacific,Agriculture,"USD 2,510,854",National Bank for Agriculture and Rural Development,Development Research Communication Services Centre,10/10/2014,4 years,Project Under Implementation,"USD 2,510,854",05/28/2015,05/28/2019,,06/30/2022,,IND/NIE/Agri/2014/1,2510854,4.0
Conservation and Management of Coastal Resources as a Potential Adaptation Strategy for Sea Level Rise,India/Asia-Pacific,Coastal management,"USD 689,264",National Bank for Agriculture and Rural Development,M. S. Swaminathan Research Foundation (MSSRF),10/10/2014,4 years,Project Under Implementation,"USD 689,264",06/23/2015,06/23/2019,,03/31/2022,,IND/NIE/Coastal/2014/1,689264,4.0
Belize Marine Conservation and Climate Adaptation Initiative,Belize/Latin America & Caribbean,Coastal management,"USD 6,000,000",International Bank of Reconstruction and Development,Protected Areas Conservation Trust,08/18/2014,5 years,Project Completed,"USD 6,000,000",03/17/2015,03/17/2020,,09/30/2020,01/03/2022,BLZ/MIE/Coastal/2011/1,6000000,5.0
Reduction of Vulnerability to Coastal Flooding through Ecosystem-based Adaptation in the South of Artemisa and Mayabeque Provinces,Cuba/Latin America & Caribbean,Coastal management,"USD 6,067,320",UN Development Programme,CITMA-MINAGRI,12/14/2012,5 years,Project Completed,"USD 6,067,320",09/11/2014,09/11/2019,,09/11/2020,09/11/2020,CUB/MIE/Coastal/2012/1/,6067320,5.0
Addressing Climate Change Risks on Water Resources and Food Security in the Dry Zone of Myanmar,Myanmar/Asia-Pacific,Rural development,"USD 7,909,026",UN Development Programme,"UNDP, Min of Environ Conservation and Forestry",02/27/2014,4 years,Project Completed,"USD 7,909,026",09/25/2015,09/25/2019,,06/30/2019,06/30/2019,MMR/MIE/Rural/2011/1,7909026,4.0
Ecosystem Based Adaptation to Climate Change in Seychelles,Seychelles/Africa,Water management,"USD 6,455,750",UN Development Programme,MINISTRY OF ENVIRONMENT AND ENERGY,12/20/2012,5.5 years,Project Completed,"USD 6,455,750",10/30/2014,04/30/2020,,03/31/2022,10/30/2021,SYC/MIE/Multi/2011/1,6455750,5.5
Developing climate resilience of farming communities in the drought prone parts of Uzbekistan,Uzbekistan/Asia-Pacific,Agriculture,"USD 5,415,103",UN Development Programme,Uzhydromet,02/10/2014,6 years,Project Completed,"USD 5,415,103",05/26/2014,05/26/2020,,11/30/2021,11/30/2021,UZB/MIE/AGRI/2012/1,5415103,6.0
Reducing Vulnerability to Climate Change in North West Rwanda through Community Based Adaptation,Rwanda/Africa,Rural development,"USD 9,969,619","Ministry of Environment, Rwanda",Rwanda Natural Resources Authority (RNRA),11/01/2013,4 years,Project Completed,"USD 9,969,619",06/02/2014,06/02/2018,,12/02/2019,12/02/2019,RWA/NIE/Rural/2013/1,9969619,4.0
Enhancing the Adaptive Capacity and Increasing Resilience of Small-size Agriculture Producers of the Northeast of Argentina,Argentina/Latin America & Caribbean,Agriculture,"USD 5,640,000",Unidad Para Cambio Rural Argentina,"Ministry of Agriculture, Livestock and Fishery;",04/04/2013,4.5 years,Project Completed,"USD 5,640,000",10/24/2013,,,,12/31/2018,ARG/NIE/Agri/2011/1,5640000,4.5
Addressing Climate Change Impacts on Marginalized Agricultural Communities Living in the Mahaweli River Basin of Sri Lanka,Sri Lanka/Asia-Pacific,Rural development,"USD 7,989,727",UN World Food Programme,"Ministry of Environment,Ministry of Agrarian Services and Wildlife",12/14/2012,3 years,Project Completed,"USD 7,989,727",11/04/2013,11/04/2016,,09/30/2020,09/30/2020,LKA/MIE/Rural/2011/1,7989727,3.0
Increasing Climate Resilience and Enhancing Sustainable Land Management in the Southwest of the Buenos Aires Province,Argentina/Latin America & Caribbean,Rural development,"USD 4,296,817",International Bank of Reconstruction and Development,Secretaria de Ambiente y Desarollo Sustentable (SA,12/14/2012,4 years,Project Completed,"USD 4,296,817",06/11/2015,06/11/2019,,09/30/2019,09/30/2019,ARG/MIE/Rural/2011/1,4296817,4.0
Enhancing adaptive capacity of communities to climate change-related floods in the North Coast and Islands Region of Papua New Guinea,Papua New Guinea/Asia-Pacific,Disaster Risk Reduction,"USD 6,530,373",UN Development Programme,Office of Climate Change and Development,03/16/2012,4 years,Project Completed,"USD 6,530,373",07/26/2012,07/26/2016,,12/31/2017,12/31/2017,PNG/MIE/DRR/2010/1,6530373,4.0
Enhancing Resilience of Communities to the Adverse Effects of Climate Change on Food Security in Mauritania,Mauritania/Africa,Food Security,"USD 7,803,605",UN World Food Programme,,06/28/2012,4 years,Project Completed,"USD 7,803,605",08/14/2014,08/14/2018,,09/15/2019,,MTN/MIE/Food/2011/1/PD,7803605,4.0
Climate Smart Agriculture: Enhancing Adaptive Capacity of the Rural Communities in Lebanon (AgriCAL),Lebanon/Asia-Pacific,Agriculture,"USD 7,860,825",International Fund Agricultural Dev,Ministry of Agriculture,06/28/2012,4 years,Project Under Implementation,"USD 6,863,315",09/15/2015,09/15/2019,,10/21/2023,,LBN/MIE/Agri/2012/1,7860825,4.0
Enhancing the Resilience of the Agricultural Sector and Coastal Areas to Protect Livelihoods and Improve Food Security,Jamaica/Latin America & Caribbean,Multi-sector,"USD 9,965,000",Planning Institute of Jamaica,,06/28/2012,3.5 years,Project Under Implementation,"USD 9,965,000",11/02/2012,05/02/2016,,12/31/2025,,JAM/NIE/Multi/2011/1,9965000,3.5
Building Resilient Food Security Systems to Benefit the Southern Egypt Region,Egypt/Africa,Food Security,"USD 6,904,318",UN World Food Programme,"Ministry of Agriculture, Ministry of Environment",06/28/2012,4 years,Project Completed,"USD 6,904,318",03/31/2013,03/31/2017,,06/30/2020,06/30/2020,EGY/MIE/Food/2011/1,6904318,4.0
Developing Agro-Pastoral Shade Gardens as an Adaptation Strategy for Poor Rural Communities,Djibouti/Africa,Agriculture,"USD 4,658,556",UN Development Programme,"Ministry of Habitat, Environment and Urbanism (MHE)",06/28/2012,5 years,Project Completed,"USD 4,658,556",03/13/2013,03/13/2018,,08/31/2018,02/28/2018,,4658556,5.0
Reducing Risk and Vulnerability to Climate Change in the Region of La Depresion Momposina in Colombia,Colombia/Latin America & Caribbean,Disaster Risk Reduction,"USD 8,518,307",UN Development Programme,Ministry of Environment and Sustainable Developmen,06/29/2012,5 years,Project Completed,"USD 8,518,307",03/21/2013,03/21/2018,,01/01/2020,01/31/2020,COL/MIE/DRR/2011/1,8518307,5.0
Enhancing Climate Resilience of Rural Communities Living in Protected Areas of Cambodia,Cambodia/Asia-Pacific,,"USD 4,954,273",UN Environment Programme,Cambodia Ministry of Environment,06/29/2012,5 years,Project Completed,"USD 4,954,273",05/21/2013,05/21/2018,,06/30/2021,06/30/2021,KHM/MIE/Food/2011/1,4954273,5.0
Promoting climate resilience in the rice sector through pilot investments in Alaotra-Mangoro region,Madagascar/Africa,Agriculture,"USD 5,104,925",UN Environment Programme,Ministry of Environment and Forests in partnership,12/14/2011,5 years,Project Completed,"USD 5,104,925",10/24/2012,10/24/2017,,06/30/2019,06/30/2019,MDG/MIE/Agri/2010/1,5104925,5.0
Enhancing Resilience of Samoa’s Coastal Communities to Climate Change,Samoa/Asia-Pacific,Multi-sector,"USD 8,732,351",UN Development Programme,Min of Natural resources and Environment (MNRE),12/14/2011,4 years,Project Completed,"USD 8,732,351",01/28/2013,01/28/2017,,06/30/2018,06/30/2018,WSM/MIE/Multi/2011/1/PD,8732351,4.0
Building resilience to climate change and variability in vulnerable smallholders,Uruguay/Latin America & Caribbean,Agriculture,"USD 9,967,678",Agencia Nacl Investigacion Innov UY,"Ministry of Agriculture, Livestock, and Fisheries",12/14/2011,5 years,Project Completed,"USD 9,967,678",10/22/2012,10/22/2017,,12/31/2020,12/31/2020,URY/NIE/Agri/2011/1,9967678,5.0
Akamatutu’anga i te iti tangata no te tuatau manakokore ia e te taui’anga reva – Strengthening the Resilience of our Islands and our Communities to Climate Change,Cook Islands/Asia-Pacific,Disaster Risk Reduction,"USD 5,381,600",UN Development Programme,Climate Change Coordination Unit and Emergency Mgt,12/14/2011,5 years,Project Completed,"USD 5,381,600",07/04/2012,07/04/2017,,05/31/2018,05/01/2018,COK/MIE/Multi/2011/1/PD,5381600,5.0
Implementation Of Concrete Adaptation Measures To Reduce Vulnerability Of Livelihood and Economy Of Coastal Communities In Tanzania,"Tanzania, United Republic of/Africa",Coastal management,"USD 5,008,564",UN Environment Programme,Vice President&amp;amp;amp;amp;amp;amp;amp;amp;amp;amp;amp;amp;amp;amp;amp;amp;amp;apos;s Office (Division of Environment),12/14/2011,5 years,Project Completed,"USD 5,008,564",10/29/2012,10/29/2017,,03/30/2019,01/30/2019,TZA/MIE/Coastal/2010/1,5008564,5.0
Developing Climate Resilient Flood and Flash Flood Management Practices to Protect Vulnerable Communities of Georgia,Georgia/Eastern Europe,Water management,"USD 5,316,500",UN Development Programme,Ministry of Environment through the National Envir,12/14/2011,4 years,Project Completed,"USD 5,316,500",07/04/2012,07/04/2016,,,02/28/2017,GEO/MIE/DRR/2010/1,5316500,4.0
Climate Change Adaptation Programme in the Coastal Zone of Mauritius,Mauritius/Africa,Coastal management,"USD 9,119,240",UN Development Programme,,09/16/2011,5 years,Project Completed,"USD 9,119,240",08/30/2012,08/30/2017,,10/30/2020,05/30/2020,MUS/MIE/Coastal/2010/2,9119240,5.0
Climate change resilient production landscapes and socioeconomic networks advanced in Guatemala,Guatemala/Latin America & Caribbean,Rural development,"USD 5,425,000",UN Development Programme,Guatemalan Ministry of Environment and Natural Res,09/12/2013,4 years,Project Completed,"USD 5,425,000",02/07/2015,02/07/2019,,,10/31/2018,GTM/MIE/Rural/2010/1,5425000,4.0
Addressing climate change risks to farming systems in Turkmenistan at national and community level,Turkmenistan/Asia-Pacific,Water management,"USD 2,929,500",UN Development Programme,Ministry of Nature Protection,06/22/2011,5 years,Project Completed,"USD 2,929,500",05/22/2012,05/22/2017,,09/30/2017,09/29/2017,TKM/MIE/Water/2010/2,2929500,5.0
"Increasing climate resilience through an Integrated Water Resource Management Programme in HA. Ihavandhoo, ADh. Mahibadhoo and GDh. Gadhdhoo Island",Maldives/Asia-Pacific,Water management,"USD 8,989,225",UN Development Programme,Ministry of Housing and Environment,06/22/2011,4 years,Project Completed,"USD 8,989,225",06/20/2012,06/20/2016,,,06/30/2017,MDV/MIE/Water/2010/6,8989225,4.0
Ecosystem Based Adaptation Approach to Maintaining Water Security in Critical Water Catchments in Mongolia,Mongolia/Asia-Pacific,Ecosystem-based adaptation,"USD 5,500,000",UN Development Programme,"Ministry of Nature, Environment, and Tourism",06/22/2011,6 years,Project Completed,"USD 5,500,000",06/15/2012,06/15/2018,,,12/31/2017,MNG/MIE/EBA/2011/1,5500000,6.0
Enhancing resilience of communities in Solomon Islands to the adverse effects of climate change in agriculture and food security,Solomon Islands/Asia-Pacific,Urban development,"USD 5,533,500",UN Development Programme,,03/18/2011,4 years,Project Completed,"USD 5,533,500",06/28/2011,06/28/2015,,,06/30/2016,SLB/MIE/Food/2010/1,5533500,4.0
Reducing Risks and Vulnerabilities from Glacier Lake Outburst Floods in Northern Pakistan,Pakistan/Asia-Pacific,Disaster Risk Reduction,"USD 3,906,000",UN Development Programme,"Ministry of Environment, Government of Pakistan",12/15/2010,4 years,Project Completed,"USD 3,906,000",11/15/2011,11/15/2015,,12/31/2015,11/30/2015,PAK/MIE/DRR/2010/1,3906000,4.0
Reduction of Risks and Vulnerability Based on Flooding and Droughts in the Estero Real Watershed,Nicaragua/Latin America & Caribbean,Water management,"USD 5,500,950",UN Development Programme,Ministry of the Environment and Natural Resources,12/15/2010,4 years,Project Completed,"USD 5,500,950",06/23/2011,06/23/2015,,,06/01/2015,NCA/MIE/Water/2010/1,5500950,4.0
Addressing Climate Change Risks on Water Resources in Honduras: Increased Systemic Resilience and Reduced Vulnerability of the Urban Poor,Honduras/Latin America & Caribbean,Water management,"USD 5,620,300",UN Development Programme,Secretariat for Natural Resources and Environment,09/17/2010,5 years,Project Completed,"USD 5,620,300",06/27/2011,06/27/2016,,09/30/2016,12/30/2016,HON/MIE/Water/2010/4,5620300,5.0
"Climate Change Adaptation Programme In Water and Agriculture In Anseba Region, Eritrea",Eritrea/Africa,Rural development,"USD 6,520,850",UN Development Programme,"Ministry of Agriculture, Anseba Region",03/18/2011,5 years,Project Completed,"USD 6,520,850",11/06/2012,11/06/2017,,09/30/2018,09/30/2018,ERI/MIE/Rural/2010/2,6520850,5.0
"Enhancing resilience of communities to the adverse effects of climate change on food security, in Pichincha Province and the Jubones River basin",Ecuador/Latin America & Caribbean,Food Security,"USD 7,449,468",UN World Food Programme,"Ministry of Environment in coord with the Min Agr,",03/18/2011,5 years,Project Completed,"USD 7,449,468",11/29/2011,11/29/2016,"Keyboard shortcuts
Map Data
Terms
This page can't load Google Maps correctly.
Do you own this website? OK",06/15/2018,03/31/2018,ECU/MIE/Food/2010/1,7449468,5.0
Adaptation to Coastal Erosion in Vulnerable Areas,Senegal/Africa,Coastal management,"USD 8,619,000",Centre de Suivi Ecologique,"Directorate of Environment of Senegal, NGOs and Co",09/17/2010,3 years,Project Completed,"USD 8,619,000",01/21/2011,10/01/2012,"Map data ©2025
Terms
This page can't load Google Maps correctly.
Do you own this website? OK",,11/01/2014,SEN/NIE/Coastal/2010/1,8619000,3.0
